"sample","algo_nCount_lower","algo_nFeature_lower","algo_mito_upper","median_inflation_ratio","cells_raw","cells_filtered","cells_removed","pct_cells_removed","genes_raw","genes_filtered","median_nCount_raw","median_nCount_filtered","mean_nCount_raw","mean_nCount_filtered","max_nCount_raw","max_nCount_filtered","cutoff_nCount_lower","cutoff_nCount_upper","median_nFeature_raw","median_nFeature_filtered","mean_nFeature_raw","mean_nFeature_filtered","max_nFeature_raw","max_nFeature_filtered","cutoff_nFeature_lower","cutoff_nFeature_upper","median_pct_mito_raw","median_pct_mito_filtered","mean_pct_mito_raw","mean_pct_mito_filtered","max_pct_mito_raw","max_pct_mito_filtered","cutoff_mito_lower","cutoff_mito_upper","median_pct_ribo_raw","median_pct_ribo_filtered","mean_pct_ribo_raw","mean_pct_ribo_filtered","max_pct_ribo_raw","max_pct_ribo_filtered","cutoff_ribo_lower","cutoff_ribo_upper"
"control_G7_harmonized_singlets","manual_8000","manual_3000","manual_15",1.14,19995,15670,4325,21.6,24100,24100,20525,23393,23128.62,27310.51,250652,133744,8000,160000,5519,5853.5,5071.87,6007.8,12637,10237,3000,10238.12,1.36,1.38,2.41,1.53,89.52,13.91,0,15,9.37,10.09,10.03,10.86,56.38,30.59,0,Inf
"control_TTC21B_harmonized_singlets","manual_8000","manual_3000","manual_15",1.09,19312,16445,2867,14.8,24100,24100,21527.5,23436,25504.01,28126.91,253352,123268,8000,160000,5680,5929,5499.62,6130.06,12336,10419,3000,10425.8,1.11,1.11,1.92,1.21,93.85,14.83,0,15,9.34,9.6,9.7,10.03,53.12,34.26,0,Inf
"d10_1016_j_cell_2020_04_004_harmonized_singlets","manual_3000","manual_1600","renyi",1.08,18477,14709,3768,20.4,24100,24100,7000,7581,7307.54,8088.02,39103,16860,3000,16865.22,2743,2875,2616.88,2933.62,7049,5029,1600,5109.23,6.68,6.62,9.07,6.82,80.3,16.2,0,16.25,18.67,19.7,17.91,19.27,64.17,36.04,0,Inf
"d10_1016_j_celrep_2020_108514_harmonized_singlets","none","none","manual_15",1,32801,32703,98,0.3,24100,24100,3910,3910,4562.85,4562.11,19410,19410,-Inf,Inf,1658,1658,1775.35,1775.14,3771,3771,-Inf,Inf,5.93,5.92,6.15,6.13,15.97,15,0,15,26.4,26.42,26.28,26.3,57.18,57.18,0,Inf
"d10_1016_j_cmet_2022_04_009_harmonized_singlets","manual_500","lower_tri","renyi",1.01,10383,9858,525,5.1,24100,24100,4154,4188,4924.64,4723.69,53721,18283,500,22000,2021,2034,2081.46,2067.23,8229,4840,425,4845.35,4.51,4.45,5.17,4.73,68.67,16.29,0,16.3,15.49,15.61,16.3,16.53,44.2,44.2,0,Inf
"d10_1016_j_devcel_2019_06_001_harmonized_singlets","manual_2300","lower_tri","renyi",1,7653,7339,314,4.1,24100,24100,7088,7062,8256.78,7882.21,81739,21971,2300,22000,2145,2139,2281.5,2242.42,7727,4703,1210,5000,2.54,2.52,2.61,2.53,19.89,6.42,0,6.45,31.37,31.48,30.06,30.12,66.48,56.65,0,Inf
"d10_1016_j_stem_2018_04_022_harmonized_singlets","manual_400","lower_tri","renyi",1.02,5563,5401,162,2.9,24100,24100,1240,1263,1715.79,1725.02,39130,17865,400,22000,824,832,990.65,1001.94,6936,4990,350,5000,3.58,3.54,3.91,3.69,45.6,8.7,0,8.7,15.66,15.76,16.27,16.42,48.7,48.7,0,Inf
"d10_1016_j_stem_2018_10_010_harmonized_singlets","manual_500","manual_400","renyi",0.99,76569,75732,837,1.1,24100,24100,1349,1341,1750.85,1679.76,37869,8000,500,8000,879,875,1022.61,1000.36,7395,2997,400,3000,2.67,2.66,3.05,3.01,43.96,14.48,0,14.5,15.32,15.35,15.53,15.56,54.36,54.36,0,Inf
"d10_1016_j_stem_2019_06_009_harmonized_singlets","manual_3000","lower_tri","renyi",1,58968,55490,3478,5.9,24100,24100,10126,10155,11557.37,11160.72,92314,35367,3000,36000,2767,2772,2934.13,2904.73,8698,5000,1725,5000,2.17,2.17,2.28,2.27,31.5,7.74,0,7.75,37.76,37.68,37.8,37.69,72.7,59.38,0,Inf
"d10_1016_j_stem_2021_11_001_harmonized_singlets","manual_1800","lower_tri","renyi",0.99,23578,22809,769,3.3,24100,24100,5943.5,5910,7141.5,6788.13,77669,21977,1800,22000,2133,2125,2333.65,2284.93,8609,4995,1125,5000,2.88,2.86,3.09,3.01,63.61,10.26,0,10.3,28.41,28.45,28.1,28.15,71.79,54.22,0,Inf
"d10_1016_j_stem_2021_12_010_harmonized_singlets","manual_500","lower_tri","manual_15",1.26,22222,19205,3017,13.6,24100,24100,2760,3472,5269.18,5462.7,153952,34704,500,60000,1185,1379,1528.18,1612.51,8792,4525,275,4538.64,2.9,2.45,8.3,3.39,96.4,15,0,15,27.39,29.13,26.97,28.63,66.82,66.82,0,Inf
"d10_1016_j_stem_2022_06_005_harmonized_singlets","manual_500","lower_tri","manual_15",1.03,36029,32263,3766,10.5,24100,24100,2692,2771,3588.34,3621.88,22392,14000,500,14000,1282,1312,1467.95,1499.64,5321,4136,290,5000,8.25,7.9,10.2,7.78,97.76,15,0,15,23.59,24.24,22.59,23.54,56.11,56.11,0,Inf
"d10_1038_s41467_019_13382_0_harmonized_singlets","manual_660","lower_tri","manual_15",1.05,275026,256417,18609,6.8,24100,24100,2754,2887,3438.47,3593.26,59199,21964,660,22000,1493,1544,1617.18,1685.87,10266,4999,575,5000,3.46,3.46,4.34,4.2,88.72,15,0,15,21.94,22.03,22.17,22.24,79.26,67.13,0,Inf
"d10_1038_s41467_022_33623_z_harmonized_singlets","lower_tri","lower_tri","renyi",1.01,38044,33362,4682,12.3,24100,24100,15141.5,15275,18361.98,16330.17,322030,38735,4500,38737.08,3750,3766,3854.49,3843.78,11361,6800,2125,6818.98,4.02,3.93,5.61,4.22,95.45,16.21,0,16.25,29.46,30.15,27.61,28.74,58.6,47.95,0,Inf
"d10_1038_s41551_025_01542_1_harmonized_singlets","lower_tri","lower_tri","renyi",1.08,19048,15441,3607,18.9,24100,24100,9954.5,10741,10711.29,11690.62,62876,23839,4700,23844.98,3411,3563,3305.62,3645.23,7851,5954,2325,6168.64,5.92,5.85,7.44,6.08,83.62,16.66,0,16.75,19.83,20.34,18.98,19.88,56.32,37.8,0,Inf
"d10_1038_s41563_020_00853_9_harmonized_singlets","lower_tri","lower_tri","renyi",0.98,14772,12764,2008,13.6,24100,24100,4887.5,4803,6105.21,5116.8,73562,9846,2750,9849.02,1812,1787,2016.16,1861.46,8069,3248,1175,3266.43,3.98,3.83,5.39,4.3,96.86,21.11,0,21.25,30.43,31.32,28.98,30.49,51.26,45.84,0,Inf
"d10_1038_s41592_018_0253_2_harmonized_singlets","manual_1800","lower_tri","renyi",0.99,7887,7220,667,8.5,24100,24100,9326,9240.5,10893.34,9678.18,194472,22402,1800,22438.11,2626,2614,2758.26,2668.25,9842,4873,1375,4881.03,3.13,3.06,3.56,3.3,23.43,7.95,0,7.95,35.08,35.02,33.38,33.29,75.28,66.89,0,Inf
"d10_1038_s42003_024_07069_6_harmonized_singlets","manual_1000","manual_2200","renyi",1.39,28247,17510,10737,38,24100,24100,13118,18240,13719.27,19319.98,121452,50803,1000,50804.21,3800,4510,3208.54,4538.71,9605,7786,2200,10329.37,13.5,10.44,28.2,10.89,98.07,22.25,0,22.25,13.43,17.43,13.57,18.57,48.5,48.14,0,Inf
"d10_1101_505396_harmonized_singlets","manual_5000","lower_tri","renyi",0.97,2363,2163,200,8.5,24100,24100,10701,10384,12996.15,11241.63,159883,23203,5000,23239.35,2654,2599,2885,2707.4,9730,4630,1575,4748.91,4.23,4.17,4.36,4.2,23.44,6.94,0,6.95,39.12,39.29,38.37,38.58,67.96,56.79,0,Inf
"d10_1126_sciadv_abj5633_GSE165104_harmonized_singlets","manual_600","manual_400","manual_15",0.85,328912,204864,124048,37.7,24100,24100,3718,3145,4559.16,4082.17,66783,14348,600,14348.24,1607,1456,1687.76,1596.44,8374,4774,400,5249.75,12.43,9.55,13.29,8.87,91.12,15,0,15,21.56,23.56,22.06,24.05,51.71,51.71,0,Inf
"d10_1172_jci_insight_122697_harmonized_singlets","manual_400","lower_tri","renyi",1.06,15110,13410,1700,11.3,24100,24100,976,1034,1353.68,1303.95,36595,7011,400,8000,706,742,861.02,866.77,7537,2996,375,3000,2.69,2.69,2.9,2.85,25.56,7.73,0,7.75,12.3,12.88,12.65,13.18,38.08,38.08,0,Inf
"d10_1242_dev_200198_harmonized_singlets","lower_tri","lower_tri","renyi",1.07,6875,5617,1258,18.3,24100,24100,6607,7100,7206.52,7669.32,42787,16185,3100,16196.46,2551,2675,2552,2779.04,6968,4748,1450,5059.56,8.56,8.25,12.68,8.7,98.49,22.24,0,22.25,18.39,19.3,16.79,18.49,36.94,36.94,0,Inf
"dno_doi_kidney_organoid_GSE312980_harmonized_singlets","manual_700","manual_400","renyi",0.97,5406,4791,615,11.4,24100,24100,6463.5,6296,8602.32,6588.04,168317,21928,700,22000,2890,2842,2965.53,2709.97,11892,6806,400,8000,4.29,4.15,4.83,4.18,53.33,10.89,0,10.9,16.91,17.2,16.4,16.76,62.73,62.73,0,Inf
"dno_doi_kidney_organoid_LMRH_harmonized_singlets","manual_3000","manual_1800","renyi",1.05,57663,53052,4611,8,24100,24100,14318,15018.5,19096.59,19158.67,308322,161007,3000,162000,4556,4673,4667.49,4871.23,12823,9946,1800,9946.73,1.56,1.58,1.99,1.75,84,17.72,0,17.75,13.09,13.16,14,14.02,74.1,45.49,0,Inf
"TOTAL",NA,NA,NA,NA,1130903,934235,196668,17.4,NA,NA,NA,NA,NA,NA,NA,NA,NA,NA,NA,NA,NA,NA,NA,NA,NA,NA,NA,NA,NA,NA,NA,NA,NA,NA,NA,NA,NA,NA,NA,NA,NA,NA
